{
  "name": "zingchart",
  "version": "2.6.1",
  "main": "client/zingchart.min.js",
  "homepage": "http://www.zingchart.com",
  "description": "Repo to allow easy downloading of Zingchart via Bower.",
  "ignore": [
    ".bowerrc",
    ".gitignore",
    "package.json",
    "custom"
  ],
  "keywords": [
    "zingchart",
    "chart",
    "charting",
    "javascript charts",
    "html5 charts"
  ],
  "dependencies": {},
  "devDependencies": {},
  "private": false,
  "_release": "2.6.1",
  "_resolution": {
    "type": "version",
    "tag": "v2.6.1",
    "commit": "dc73c5a6a2ea15b710080f6657f3996df9800a1f"
  },
  "_source": "https://github.com/zingchart/ZingChart.git",
  "_target": "^2.6.1",
  "_originalSource": "zingchart",
  "_direct": true
}